<?xml version="1.0"?>
<doc>
    <assembly>
        <name>WindwardAccessProviders</name>
    </assembly>
    <members>
        <member name="P:WindwardAccessProviders.net.windward.AccessProviders.protocols.OAuth2AccessProvider.Properties">
            <summary>
            Definition of all properties for this provider.
            </summary>
        </member>
        <member name="P:WindwardAccessProviders.net.windward.AccessProviders.protocols.OAuth2AccessProvider.Name">
            <summary>
            Returns "OAuth2".
            </summary>
        </member>
        <member name="P:WindwardAccessProviders.net.windward.AccessProviders.protocols.OAuth2AccessProvider.Description">
            <summary>
            A long tooltip type description of this provider.
            </summary>
        </member>
        <member name="M:WindwardAccessProviders.net.windward.AccessProviders.protocols.OAuth2AccessProvider.CreateConnectionString(System.Collections.Generic.Dictionary{System.String,System.String})">
            <summary>
            For a set of properties creates a connection string. This will ignore any invalid properties in the connection
            string and will add any hard-coded values(overwriting existing ones if they are wrong).
            
            </summary>
            <param name="properties">The properties to build the connection string from.</param>
            <returns>The connection string.</returns>
        </member>
        <member name="M:WindwardAccessProviders.net.windward.AccessProviders.protocols.OAuth2AccessProvider.GetConnectionStringProperties(System.String)">
            <summary>
            Pass in a connection string and it will return it as a hashmap. This will ignore any invalid properties in the
            connection string and will add any hard-coded values (overwriting existing ones if they are wrong).
            </summary>
            <param name="connectionString">The connection string to parse.</param>
            <returns>The properties pulled from the connection string.</returns>
        </member>
        <member name="F:WindwardAccessProviders.net.windward.AccessProviders.protocols.OAuth2AccessProvider.AuthToken">
            <summary>
            If we called out to OAuth2 to authenticate the user, this is the authenticated user. Otherwise null.
            </summary>
        </member>
        <member name="P:WindwardAccessProviders.net.windward.AccessProviders.protocols.OAuth2AccessProvider.ConnectionAuthenticated">
            <summary>
            true if the connection to the remote server is authenticated. false if it needs to be authenticated.
            This is for the OAuth2 case where the authentication occurs outside of our code.
            </summary>
        </member>
        <member name="M:WindwardAccessProviders.net.windward.AccessProviders.protocols.OAuth2AccessProvider.AuthenticateConnection(System.Collections.Generic.IDictionary{System.String,System.String})">
            <summary>
            Authenticate the connection for the user involved. This is for the OAuth2 case where the authentication
            occurs outside of our code.
            </summary>
            <param name="props">The connection string properties.</param>
        </member>
        <member name="M:WindwardAccessProviders.net.windward.AccessProviders.protocols.OAuth2AccessProvider.Request(System.String,System.Net.NetworkCredential,System.Collections.Generic.IDictionary{System.String,System.String},System.Collections.Generic.Dictionary{System.String,System.String})">
            <summary>
            Used to do the actual request by ConnectionHttp.
            </summary>
            <param name="url">The url to read. Can be full or added to base defined in the connection.</param>
            <param name="credentials">The credentials for the read. Can be null (for anonymous).</param>
            <param name="headers">All http header values to set, including accept and content-type.</param>
            <returns>The response to this request.</returns>
        </member>
        <member name="P:WindwardAccessProviders.net.windward.AccessProviders.protocols.WsTrustAccessProvider.Name">
            <summary>
            Returns "WsTrust".
            </summary>
        </member>
        <member name="P:WindwardAccessProviders.net.windward.AccessProviders.protocols.WsTrustAccessProvider.Description">
            <summary>
            A long tooltip type description of this provider.
            </summary>
        </member>
        <member name="M:WindwardAccessProviders.net.windward.AccessProviders.protocols.WsTrustAccessProvider.GetConnectionStringProperties(System.String)">
            <summary>
            Pass in a connection string and it will return it as a hashmap. This will ignore any invalid properties in the
            connection string and will add any hard-coded values (overwriting existing ones if they are wrong).
            </summary>
            <param name="connectionString">The connection string to parse.</param>
            <returns>The properties pulled from the connection string.</returns>
        </member>
        <!-- Badly formed XML comment ignored for member "M:WindwardAccessProviders.net.windward.AccessProviders.protocols.WsTrustAccessProvider.establishConnection(System.String,System.String)" -->
        <member name="T:WindwardAccessProviders.net.windward.AccessProviders.utils.adfs.ActiveDirectoryAdfsAuthenticator">
            <summary>
            IAdfsAuthenticator that works with Active Directory Federation Services and Azure Active Directory.
            Which is used by Dynamics CRM, Sharepoint and more.
            </summary>
        </member>
        <member name="M:WindwardAccessProviders.net.windward.AccessProviders.utils.adfs.ActiveDirectoryAdfsAuthenticator.Authenticate">
            <summary>
            Authenticate (via dialog). Returns null if fails (as caller is creating a connection string).
            </summary>
            <returns>Token or null</returns>
        </member>
        <member name="M:WindwardAccessProviders.net.windward.AccessProviders.utils.adfs.ActiveDirectoryAdfsAuthenticator.AuthenticateHeadless(Kailua.net.windward.utils.WrCredentials)">
            <summary>
            Authenticate (via dialog). Returns null if fails (as caller is creating a connection string).
            </summary>
            <returns>Token or null</returns>
        </member>
        <member name="M:WindwardAccessProviders.net.windward.AccessProviders.utils.adfs.IAdfsAuthenticator.Authenticate">
            <summary>
            Authenticates by opening the OAuth vendor's auth dialog for the user to enter their credentials. 
            Suitable for front end applications such as AutoTag.
            </summary>
        </member>
        <member name="M:WindwardAccessProviders.net.windward.AccessProviders.utils.adfs.IAdfsAuthenticator.AuthenticateHeadless(Kailua.net.windward.utils.WrCredentials)">
            <summary>
            Authenticates by passing the user's credentials directly, skips the dialog prompt ie headless.
            Suitable for back end applications where authentication needs to be automatic. Note using this
            in a frontend application with user interaction reduces the security advantages of OAuth.
            </summary>
        </member>
        <!-- Badly formed XML comment ignored for member "T:WindwardAccessProviders.net.windward.AccessProviders.utils.adfs.WsTrustAuthenticator" -->
    </members>
</doc>
