<?xml version="1.0"?>
<doc>
    <assembly>
        <name>WindwardPlatform</name>
    </assembly>
    <members>
        <member name="T:WindwardPlatform.net.windward.config.ConfigManager">
            <summary>
            A means of querying configuration information that works on both a windows application and
            and ASP.NET web app.
            </summary>
        </member>
        <member name="P:WindwardPlatform.net.windward.config.ConfigManager.AppSettings">
            <summary>
            The app.exe.config or web.config AppSettings properties.
            </summary>
        </member>
        <member name="M:WindwardPlatform.net.windward.config.ConfigManager.GetSection(System.String)">
            <summary>
            Get the configuration settings in a named section.
            </summary>
            <param name="sectionName">The section to read.</param>
            <returns>All settings in that section.</returns>
        </member>
        <member name="M:WindwardPlatform.net.windward.config.ConfigManager.GetConnectionStrings(System.String)">
            <summary>
            Get the requested connection string from the config file.
            </summary>
            <param name="connStrName"></param>
            <returns></returns>
        </member>
        <member name="T:WindwardPlatform.net.windward.config.ConnStringSettings">
            <summary>
            Wrapper/replacement for ConnectionStringSettings
            </summary>
        </member>
        <member name="P:WindwardPlatform.net.windward.config.ConnStringSettings.ConnectionString">
            <summary>
            Gets or sets the connection string.
            </summary>
        </member>
        <member name="P:WindwardPlatform.net.windward.config.ConnStringSettings.Name">
            <summary>
            Gets or sets the ConnectionStringSettings name.
            </summary>
        </member>
        <member name="P:WindwardPlatform.net.windward.config.ConnStringSettings.ProviderName">
            <summary>
            Gets or sets the provider name property.
            </summary>
        </member>
        <member name="T:WindwardPlatform.net.windward.config.RegistryManager">
            <summary>
            Wrapper/replacement for the Registry class (not in .Net Standard).
            </summary>
        </member>
        <member name="P:WindwardPlatform.net.windward.config.RegistryManager.ClassesRoot">
            <summary>
            Defines the types (or classes) of documents and the properties associated with those types. This field
            reads the Windows registry base key HKEY_CLASSES_ROOT.
            </summary>
        </member>
        <member name="P:WindwardPlatform.net.windward.config.RegistryManager.CurrentUser">
            <summary>
            Contains information about the current user preferences. This field reads the Windows registry base key HKEY_CURRENT_USER.
            </summary>
        </member>
        <member name="P:WindwardPlatform.net.windward.config.RegistryManager.LocalMachine">
            <summary>
            Contains the configuration data for the local machine. This field reads the Windows registry base key HKEY_LOCAL_MACHINE.
            </summary>
        </member>
        <member name="T:WindwardPlatform.net.windward.config.RegistryManagerKey">
            <summary>
            Wrapper/replacement for RegistryKey.
            </summary>
        </member>
        <member name="M:WindwardPlatform.net.windward.config.RegistryManagerKey.#ctor">
            <summary>Initializes a new instance of the <see cref="T:System.Object" /> class.</summary>
        </member>
        <member name="M:WindwardPlatform.net.windward.config.RegistryManagerKey.OpenSubKey(System.String)">
            <summary>
            Retrieves a subkey as read-only.
            </summary>
            <param name="name">The name or path of the subkey to open as read-only.</param>
            <returns>The subkey requested, or null if the operation failed.</returns>
        </member>
        <member name="M:WindwardPlatform.net.windward.config.RegistryManagerKey.OpenSubKey(System.String,System.Boolean)">
            <summary>
            Retrieves a specified subkey, and specifies whether write access is to be applied to the key.
            </summary>
            <param name="name">Name or path of the subkey to open.</param>
            <param name="writable">Set to true if you need write access to the key.</param>
            <returns>The subkey requested, or null if the operation failed.</returns>
        </member>
        <member name="M:WindwardPlatform.net.windward.config.RegistryManagerKey.GetString(System.String,System.String)">
            <summary>
            Retrieves the value associated with the specified name. If the name is not found, returns the default value that you provide.
            </summary>
            <param name="name">The name of the value to retrieve. This string is not case-sensitive.</param>
            <param name="defaultValue">The value to return if name does not exist. Default is null</param>
            <returns></returns>
        </member>
        <member name="M:WindwardPlatform.net.windward.config.RegistryManagerKey.GetValueNames">
            <summary>
            Retrieves an array of strings that contains all the value names associated with this key.
            </summary>
            <returns>An array of strings that contains the value names for the current key.</returns>
        </member>
        <member name="M:WindwardPlatform.net.windward.config.RegistryManagerKey.GetSubKeyNames">
            <summary>
            Retrieves an array of strings that contains all the subkey names.
            </summary>
            <returns>An array of strings that contains the names of the subkeys for the current key.</returns>
        </member>
        <member name="M:WindwardPlatform.net.windward.config.RegistryManagerKey.Dispose">
            <summary>Performs application-defined tasks associated with freeing, releasing, or resetting unmanaged resources.</summary>
        </member>
        <member name="T:WindwardPlatform.net.windward.data.DataUtils">
            <summary>
            Utility methods for the System.Data classes
            </summary>
        </member>
        <member name="M:WindwardPlatform.net.windward.data.DataUtils.TryConvertFromDbType(System.Data.Common.DbProviderFactory,System.String)">
            <summary>
            Tries to convert the passed in type to a DbType. If it cannot, returns a DbType.Object.
            </summary>
            <param name="provider">The SqlClient provider.</param>
            <param name="typeName">The name of the type.</param>
            <returns></returns>
        </member>
        <member name="M:WindwardPlatform.net.windward.data.DataUtils.ConvertFromSqlDbType(System.Data.Common.DbProviderFactory,System.String)">
            <summary>
            Convert a SqlDbType to the matching DbType.
            </summary>
            <param name="provider">The SqlClient provider.</param>
            <param name="sqlDbTypeName">The name of the SqlDbType.</param>
            <returns>The equivalent DbType.</returns>
        </member>
        <member name="M:WindwardPlatform.net.windward.data.DataUtils.ConvertFromOdbcType(System.Data.Common.DbProviderFactory,System.String)">
            <summary>
            Convert a OdbcType to the matching DbType.
            </summary>
            <param name="provider">The OdbcClient provider.</param>
            <param name="odbcDbTypeName">The name of the odbcType.</param>
            <returns>The equivalent DbType.</returns>
        </member>
        <member name="M:WindwardPlatform.net.windward.data.DataUtils.GetParamaterSize(System.Data.IDbDataParameter)">
            <summary>
            Return the size of a data parameter (IDbDataParameter.Size). For some OleDb the size is actually 2 x the returned size.
            </summary>
            <param name="param">The parameter we need the size of.</param>
            <returns>The adjusted size of the parameter.</returns>
        </member>
        <member name="T:WindwardPlatform.net.windward.data.DbProvider">
            <summary>
            The properties of a DB provider (connector).
            </summary>
        </member>
        <member name="M:WindwardPlatform.net.windward.data.DbProvider.#ctor(System.String,System.String,System.String,System.String)">
            <summary>Initializes a new instance of the <see cref="T:System.Object" /> class.</summary>
        </member>
        <member name="P:WindwardPlatform.net.windward.data.DbProvider.Name">
            <summary>
            Human-readable name for the data provider.
            </summary>
        </member>
        <member name="P:WindwardPlatform.net.windward.data.DbProvider.Description">
            <summary>
            Human-readable description of the data provider.
            </summary>
        </member>
        <member name="P:WindwardPlatform.net.windward.data.DbProvider.InvariantName">
            <summary>
            Name that can be used programmatically to refer to the data provider.
            </summary>
        </member>
        <member name="P:WindwardPlatform.net.windward.data.DbProvider.AssemblyName">
            <summary>
            Fully qualified name of the factory class, which contains enough information to instantiate the object.
            </summary>
        </member>
        <member name="T:WindwardPlatform.net.windward.data.OleDbUtils">
            <summary>
            Wrap the OleDb specific calls.
            </summary>
        </member>
        <member name="M:WindwardPlatform.net.windward.data.OleDbUtils.GetCatalogs(System.Data.Common.DbConnection)">
            <summary>
            Return all catalogs in the database.
            </summary>
            <param name="connection">The connection to the server.</param>
            <returns>All the catalogs.</returns>
        </member>
        <member name="M:WindwardPlatform.net.windward.data.OleDbUtils.GetTables(System.Data.Common.DbConnection,System.String)">
            <summary>
            Return all tables in the database.
            </summary>
            <param name="connection">The connection to the server.</param>
            <param name="schemaType">What type of tables to return.</param>
            <returns>All the tables.</returns>
        </member>
        <member name="M:WindwardPlatform.net.windward.data.OleDbUtils.GetColumns(System.Data.Common.DbConnection,System.String)">
            <summary>
            Return all columns in a table.
            </summary>
            <param name="connection">The connection to the server.</param>
            <param name="tableName">The table to get the columns of.</param>
            <returns>All the columns in the table.</returns>
        </member>
        <member name="M:WindwardPlatform.net.windward.data.OleDbUtils.GetProcedures(System.Data.Common.DbConnection)">
            <summary>
            Return all stored procedures in the database.
            </summary>
            <param name="connection">The connection to the server.</param>
            <returns>All the stored procedures.</returns>
        </member>
        <member name="M:WindwardPlatform.net.windward.data.OleDbUtils.GetProcParameters(System.Data.Common.DbConnection,System.String)">
            <summary>
            Return all parameters in a stored procedure.
            </summary>
            <param name="connection">The connection to the server.</param>
            <param name="storedProcedure">The stored procedure to return the parameters of..</param>
            <returns>All the parameters in the stored procedure..</returns>
        </member>
        <member name="T:WindwardPlatform.net.windward.data.WindwardProviderFactories">
            <summary>
            Wrapper around DbProviderFactories as it's not in .Net Standard 2.0 (it is in 2.1).
            </summary>
        </member>
        <member name="M:WindwardPlatform.net.windward.data.WindwardProviderFactories.GetFactoryClasses(System.Collections.Generic.List{WindwardPlatform.net.windward.data.DbProvider}@)">
            <summary>
            Returns a List that contains information about all installed providers that implement DbProviderFactory.
            </summary>
            <returns></returns>
        </member>
        <member name="M:WindwardPlatform.net.windward.data.WindwardProviderFactories.GetFactory(System.String)">
            <summary>
            Returns an instance of a DbProviderFactory.
            </summary>
            <param name="providerInvariantName">Invariant name of a provider.</param>
            <returns>The DbProviderFactory for the passed in class.</returns>
        </member>
        <member name="M:WindwardPlatform.net.windward.data.WindwardProviderFactories.FlushDbProviderFactoriesCache">
            <summary>
            Force DbProviderFactories to re-read machine.config on the next call to DbProviderFactories.GetFactoryClasses().
            </summary>
        </member>
        <member name="T:WindwardPlatform.net.windward.io.Impersonator">
            <summary>
            Impersonation of a user. Allows to execute code under another
            user context.
            Please note that the account that instantiates the Impersonator class
            needs to have the 'Act as part of operating system' privilege set.
            </summary>
            <remarks>	
            This class is based on the information in the Microsoft knowledge base
            article http://support.microsoft.com/default.aspx?scid=kb;en-us;Q306158
            
            Encapsulate an instance into a using-directive like e.g.:
            
            	...
            	using ( new Impersonator( "myUsername", "myDomainname", "myPassword" ) )
            	{
            		...
            		[code that executes under the new context]
            		...
            	}
            	...
            
            Please contact the author Uwe Keim (mailto:uwe.keim@zeta-software.de)
            for questions regarding this class.
            </remarks>
        </member>
        <member name="M:WindwardPlatform.net.windward.io.Impersonator.#ctor(System.String,System.String,System.String)">
            <summary>
            Constructor. Starts the impersonation with the given credentials.
            Please note that the account that instantiates the Impersonator class
            needs to have the 'Act as part of operating system' privilege set.
            </summary>
            <param name="userName">The name of the user to act as.</param>
            <param name="domainName">The domain name of the user to act as.</param>
            <param name="password">The password of the user to act as.</param>
        </member>
        <member name="M:WindwardPlatform.net.windward.io.Impersonator.Dispose">
            <summary>
            standard dispose - undoes the impersonation.
            </summary>
        </member>
        <member name="M:WindwardPlatform.net.windward.io.Impersonator.ImpersonateValidUser(System.String,System.String,System.String)">
            <summary>
            Does the actual impersonation.
            </summary>
            <param name="userName">The name of the user to act as.</param>
            <param name="domain">The domain name of the user to act as.</param>
            <param name="password">The password of the user to act as.</param>
        </member>
        <member name="M:WindwardPlatform.net.windward.io.Impersonator.UndoImpersonation">
            <summary>
            Reverts the impersonation.
            </summary>
        </member>
        <member name="T:WindwardPlatform.net.windward.io.NativeMethods">
            <summary>
             All the stuff Microsoft forget to put in .NET.
            </summary>
        </member>
        <member name="M:WindwardPlatform.net.windward.io.NativeMethods.OpenAsUser(System.String,System.String,System.String,System.String)">
            <summary>
            Read a file with login credentials.
            </summary>
            <param name="filename">The file to open.</param>
            <param name="domain">The credentials domain (can be "." for workgroup).</param>
            <param name="username">The credentials username.</param>
            <param name="password">The credentials password.</param>
            <returns>The file contents.</returns>
        </member>
        <member name="T:WindwardPlatform.net.windward.io.PlatformFileUtils">
            <summary>
            platform specific file access.
            </summary>
        </member>
        <member name="M:WindwardPlatform.net.windward.io.PlatformFileUtils.GetFileStream(System.String,System.String,System.String,System.String)">
            <summary>
            Open a file using credentials.
            </summary>
            <param name="filename">The file to open.</param>
            <param name="domain">The user's domain. Can be null.</param>
            <param name="user">The user's username.</param>
            <param name="password">The user's password.</param>
            <returns>The requested file as a stream.</returns>
        </member>
        <member name="T:WindwardPlatform.net.windward.utils.GlyphExist">
            <summary>
            Determine if a glyph exists in a font. If not, find a font it does exist in.
            </summary>
        </member>
        <member name="F:WindwardPlatform.net.windward.utils.GlyphExist.fontnames">
            <summary>The replacement font names.</summary>
        </member>
        <member name="F:WindwardPlatform.net.windward.utils.GlyphExist.glyphTypefaces">
            <summary>The replacement font GlyphTypefaces.</summary>
        </member>
        <member name="F:WindwardPlatform.net.windward.utils.GlyphExist.cacheGlyphs">
            <summary>We store every requested GlyphTypeface here so we only have to create it once.</summary>
        </member>
        <member name="M:WindwardPlatform.net.windward.utils.GlyphExist.GetFontWithGlyphs(System.String,System.String)">
            <summary>
            Returns a font that has glyphs for all the text. Will return fontname if all chars are &lt;= 127 (ie does no check for ASCII).
            </summary>
            <param name="fontname">The proposed font name.</param>
            <param name="text">The text to be rendered.</param>
            <returns>The font name that has all (most of) the required glyphs.</returns>
        </member>
        <member name="T:WindwardPlatform.net.windward.utils.Trap">
            <summary>
            Used to set code coverage breakpoints in the code in DEBUG mode only. Separate fron Kailua.Trap - for this assembly only
            </summary>
        </member>
        <member name="M:WindwardPlatform.net.windward.utils.Trap.trap">
            <summary>Will break in to the debugger (debug builds only).</summary>
        </member>
        <member name="M:WindwardPlatform.net.windward.utils.Trap.trap(System.Boolean)">
            <summary>Will break in to the debugger if breakOn is true (debug builds only).</summary>
            <param name="breakOn">Will break if this boolean value is true.</param>
        </member>
    </members>
</doc>
