<?xml version="1.0"?>
<doc>
    <assembly>
        <name>WindwardODataDrivers</name>
    </assembly>
    <members>
        <member name="F:WindwardODataDrivers.net.windward.odata.ODataDataSourceBase.connection">
            <summary>
                The connection created by the provider.
            </summary>
        </member>
        <member name="F:WindwardODataDrivers.net.windward.odata.ODataDataSourceBase.connectionString">
            <summary>
                The connection string used to access the OData server
            </summary>
        </member>
        <member name="F:WindwardODataDrivers.net.windward.odata.ODataDataSourceBase.provider">
            <summary>
                The provider created from the connection string to access the OData server.
            </summary>
        </member>
        <member name="M:WindwardODataDrivers.net.windward.odata.ODataDataSourceBase.#ctor(System.String)">
            <summary>
                Create the object.
            </summary>
            <param name="connectionString">The connection string for this object.</param>
        </member>
        <member name="P:WindwardODataDrivers.net.windward.odata.ODataDataSourceBase.Utils">
            <summary>
            Get the version appropriate ODataUtilities object. Will cache so it's only created once.
            </summary>
        </member>
        <member name="M:WindwardODataDrivers.net.windward.odata.ODataDataSourceBase.CreateUtilsInstance">
            <summary>
            Creates an ODataUtilities object that matchs this objects OData version.
            </summary>
            <returns>an ODataUtilities object.</returns>
        </member>
        <member name="P:WindwardODataDrivers.net.windward.odata.ODataDataSourceBase.Version">
            <summary>
            The OData version for this datasource. Returns 1, 2, 3, or 4.
            </summary>
        </member>
        <member name="P:WindwardODataDrivers.net.windward.odata.ODataDataSourceBase.Properties">
            <summary>
                All of the properties for this datasource connection. Includes the password unencrypted.
            </summary>
        </member>
        <member name="M:WindwardODataDrivers.net.windward.odata.ODataDataSourceBase.ReadList(WindwardReportsDrivers.net.windward.AccessProviders.BaseFullAccessProvider.ConnectionFull,System.String)">
            <summary>
            Read a list from the datasource.
            </summary>
            <param name="connection">Connection to the datasource.</param>
            <param name="query">The query (select).</param>
            <returns>The result list.</returns>
        </member>
        <member name="M:WindwardODataDrivers.net.windward.odata.ODataDataSourceBase.BuildUri(System.String,System.String,System.Collections.Generic.List{System.Object})">
            <summary>
            Build a uri to query the datasource
            </summary>
            <param name="rootUri">The root uri</param>
            <param name="selectUri">The select part of the uri</param>
            <param name="parameters">Parameters to substitute into the selectUri.</param>
            <returns>The uri to send to the datasource.</returns>
        </member>
        <member name="M:WindwardODataDrivers.net.windward.odata.ODataDataSourceBase.getDatasourceName">
            <summary>
                Returns the name of this type in the form "sql", "xml", etc.
            </summary>
            <returns>"odata"</returns>
        </member>
        <member name="M:WindwardODataDrivers.net.windward.odata.ODataDataSourceBase.close">
            <summary>
                Called when processing is complete.
            </summary>
        </member>
        <member name="M:WindwardODataDrivers.net.windward.odata.ODataDataSourceBase.getQueryMode(System.String,net.windward.tags.BaseTag)">
            <summary>
                Determine the query mode of a given string
            </summary>
            <param name="query">Query string to determine the mode of.</param>
            <param name="tag">The tag this select is for. This may be null.</param>
            <returns>BaseTag.MODE_NONE, BaseTag.MODE_VALUE, BaseTag.MODE_EVALUATE, or BaseTag.MODE_SELECT</returns>
        </member>
        <member name="M:WindwardODataDrivers.net.windward.odata.ODataDataSourceBase.ODataBaseNode.isSelect(System.String,System.Boolean)">
            <summary>
                Returns true if the passed in string is a select, false if it's a value= or evaluate= string.
            </summary>
            <param name="select">The select.</param>
            <param name="textIsNode">not used.</param>
            <returns>true if a select, false if an evalute.</returns>
        </member>
        <member name="M:WindwardODataDrivers.net.windward.odata.ODataDataSourceBase.ODataBaseNode.getQueryMode(System.String,net.windward.tags.BaseTag)">
            <summary>
                Determine the query mode of a given string
            </summary>
            <param name="query">Query string to determine the mode of.</param>
            <param name="tag">The tag this select is for. This may be null.</param>
            <returns>BaseTag.MODE_NONE, BaseTag.MODE_VALUE, BaseTag.MODE_EVALUATE, or BaseTag.MODE_SELECT</returns>
        </member>
        <member name="M:WindwardODataDrivers.net.windward.odata.ODataDataSourceBase.ODataBaseNode.ODataIteratorBase.#ctor(net.windward.tags.ForEachTag,net.windward.datasource.DataSourceNode[],WindwardReportsDrivers.net.windward.datasource.abstract_datasource.IDataSourceDotNetResultSet,WindwardODataDrivers.net.windward.odata.ODataDataSourceBase)">
            <summary>
                Create the iterator object.
            </summary>
            <param name="t">The tag requestiong the iteration.</param>
            <param name="stack">The node stack at the tag location.</param>
            <param name="resultSet">the results</param>
            <param name="dsp">the data source</param>
        </member>
        <member name="M:WindwardODataDrivers.net.windward.odata.ODataDataSourceBase.ODataBaseNode.ODataIteratorBase.next">
            <summary>
                Returns the next node in the iteration. This will always return an object of type ODataNode.
                This advances the current entry to the next (N next if step > 1).
            </summary>
            <returns>the next element in the iteration.</returns>
        </member>
        <member name="M:WindwardODataDrivers.net.windward.odata.ODataDataSourceBase.ODataBaseNode.TopNSelect(System.String,System.Int32)">
            <summary>
            Convert the select to return just the top N row from the results. 
            </summary>
            <param name="query">The select to adjust.</param>
            <param name="num">The max number of rows to return. Warning, if reducing for a forEach iteration, must be the step size (or larger).</param>
            <returns>The select with "top N" added.</returns>
        </member>
        <member name="T:WindwardODataDrivers.net.windward.odata.ODataFactory">
            <summary>
            Create OData objects needed in other projects.
            </summary>
        </member>
        <member name="F:WindwardODataDrivers.net.windward.odata.ODataFactory.DEFAULT_VERSION">
            <summary>
            The default OData version if not specified. This is also specified in OdataDataSourceImpl.cs!
            </summary>
        </member>
        <member name="M:WindwardODataDrivers.net.windward.odata.ODataQueryHelper.substituteVariables(System.String[],System.Object[],System.String,System.Collections.Generic.List{net.windward.datasource.abstract_datasource.VarResults})">
            <summary>
                Called by the AbstractDataSource to substitute values into a select statement. Given select:
                SELECT ${var1} FROM Accounts WHERE Name = ${var2}
                we create the query parts array: ["SELECT ", " FROM Accounts WHERE Name = ", ""]
                and the toInsert array: ["Id", "Frank"]
                This function then returns: SELECT Id FROM Accounts WHERE name = 'Frank'
            </summary>
            <param name="queryParts">
                The query string broken up into parts such that between each element, an element of
                toInsert is inserted(possibly with formatting).
            </param>
        </member>
        <member name="M:WindwardODataDrivers.net.windward.odata.ODataQueryHelper.substituteVariables(System.String[],System.Object[],System.String,java.util.List)">
            <summary>
                Called by the AbstractDataSource to substitute values into a select statement. Given select:
                SELECT ${var1} FROM Accounts WHERE Name = ${var2}
                we create the query parts array: ["SELECT ", " FROM Accounts WHERE Name = ", ""]
                and the toInsert array: ["Id", "Frank"]
                This function then returns: SELECT Id FROM Accounts WHERE name = 'Frank'
            </summary>
            <param name="queryParts">
                The query string broken up into parts such that between each element, an element of
                toInsert is inserted(possibly with formatting).
            </param>
        </member>
        <member name="M:WindwardODataDrivers.net.windward.odata.ODataResultRow.getAllFields">
            <summary>
            All the fields and their values in this result row. Used to populate DataSourceException, do not use for normal
            processing in the program.May return the internal object so treat as read-only.
            </summary>
        </member>
        <member name="M:WindwardODataDrivers.net.windward.odata.ODataResultRow.getValue(System.Int32,System.String)">
            <summary>
                Get the value in this result row. Return null if don't have a value (ie SQL row of data).
            </summary>
            <param name="mode">One of the BaseTag.MODE_ values.</param>
            <param name="tagType">the type= for the tag.</param>
            <returns>The value in this result. null if this does not have value.</returns>
        </member>
        <member name="F:WindwardODataDrivers.net.windward.odata.ODataUtilitiesBase.PARAM_MARKER">
            <summary>
                Place this in the select for each parameter.
            </summary>
        </member>
        <member name="F:WindwardODataDrivers.net.windward.odata.ODataUtilitiesBase.MAX_MESSAGE_SIZE">
            <summary>
            Max bytes in  the returned message we handle - default is 500,000,000. Can be overridden with config
            setting odata.max-message-size
            </summary>
        </member>
        <member name="M:WindwardODataDrivers.net.windward.odata.ODataUtilitiesBase.Convert(System.Object)">
            <summary>
                Perform a ToString() on a complex value.
            </summary>
            <param name="complexValue">ComplexValue to convert.</param>
            <returns>The string representation of a complex value.</returns>
        </member>
        <member name="M:WindwardODataDrivers.net.windward.odata.ODataUtilitiesBase.Convert(System.Object,System.Object)">
            <summary>
                Converts to the type passed in, if possible. If not possible, returns the passed in value.
            </summary>
            <param name="type">The type to convert to.</param>
            <param name="var">The value to convert.</param>
            <returns>The converted value.</returns>
        </member>
        <member name="M:WindwardODataDrivers.net.windward.odata.ODataUtilitiesBase.SelectTopN(System.String,System.Int32)">
            <summary>
            Select no more than maxRows of data.
            </summary>
            <param name="query">The select without the limit.</param>
            <param name="maxRows">The maximum number of rows.</param>
            <returns></returns>
        </member>
        <member name="M:WindwardODataDrivers.net.windward.odata.ODataUtilitiesBase.BuildUri(System.String,System.String,System.Collections.Generic.List{System.Object},System.Object,System.Object)">
            <summary>
                Create a uri with parameters.
            </summary>
            <param name="rootUri">The root uri to the OData service.</param>
            <param name="selectUri">The select component of the uri.</param>
            <param name="parameters">The parameters for any ${vars} in the uri.</param>
            <param name="model">The model for this datasource.</param>
            <param name="version">The OData version for this datasource.</param>
            <returns>The uri with parameters substituted in.</returns>
        </member>
        <member name="T:WindwardODataDrivers.net.windward.odata.ODataUtilitiesBase.ReadListResult">
            <summary>
                When reading a list of results, returns this class. This class holds a block of results that are read through. When
                moving through the list, previous entries are dropped. Reading does not cause a move and you can read ahead.
            </summary>
        </member>
        <member name="M:WindwardODataDrivers.net.windward.odata.ODataUtilitiesBase.ReadListResult.#ctor(WindwardReportsDrivers.net.windward.AccessProviders.BaseFullAccessProvider.ConnectionFull,WindwardODataDrivers.net.windward.odata.ODataUtilitiesBase.EntryList,WindwardODataDrivers.net.windward.odata.ODataUtilitiesBase)">
            <summary>
                Initializes a new instance of the class.
            </summary>
            <param name="connection">The connection to this datasource.</param>
            <param name="rootEntries">The list of entries returned from the query.</param>
        </member>
        <member name="P:WindwardODataDrivers.net.windward.odata.ODataUtilitiesBase.ReadListResult.FlatResults">
            <summary>
                The flattened results. By definition Feeds will be null.
            </summary>
        </member>
        <member name="P:WindwardODataDrivers.net.windward.odata.ODataUtilitiesBase.ReadListResult.Item(System.Int32)">
            <summary>
                Get the requested entry from the returned results. This will read more blocks if needed.
            </summary>
            <param name="index">The numEntries to read.</param>
            <returns>The requested entry.</returns>
        </member>
        <member name="P:WindwardODataDrivers.net.windward.odata.ODataUtilitiesBase.ReadListResult.HasEntry">
            <summary>
                true if have an entry at [0]. This will read more blocks if needed.
            </summary>
        </member>
        <member name="P:WindwardODataDrivers.net.windward.odata.ODataUtilitiesBase.ReadListResult.HaveNextUri">
            <summary>
                true if there is a next uri
            </summary>
        </member>
        <member name="M:WindwardODataDrivers.net.windward.odata.ODataUtilitiesBase.ReadListResult.Dispose">
            <summary>
                Performs application-defined tasks associated with freeing, releasing, or resetting unmanaged resources.
            </summary>
        </member>
        <member name="M:WindwardODataDrivers.net.windward.odata.ODataUtilitiesBase.ReadListResult.CreateFlatResults(WindwardODataDrivers.net.windward.odata.ODataUtilitiesBase.EntryList)">
            <summary>
                This method puts propperties and feeds all into one flat set
            </summary>
            <param name="entries"></param>
        </member>
        <member name="M:WindwardODataDrivers.net.windward.odata.ODataUtilitiesBase.ReadListResult.ReadNext">
            <summary>
                Get the next entry from the returned results AND remove it from the entries. This will read more blocks if needed.
            </summary>
            <returns>The requested entry.</returns>
        </member>
        <member name="M:WindwardODataDrivers.net.windward.odata.ODataUtilitiesBase.ReadListResult.Seek(System.Int32)">
            <summary>
                Move forward num entries, discarding the ones moved past. This will read more blocks if needed.
            </summary>
            <param name="numEntries">The number of entries to move forward.</param>
        </member>
        <member name="M:WindwardODataDrivers.net.windward.odata.ODataUtilitiesBase.ReadListResult.HasEntryAt(System.Int32)">
            <summary>
                Returns true if there is an entry at the requested index (ie, there are at least index + 1 entries remaining).
                This will read more blocks if needed.
            </summary>
            <param name="index">The index to check to.</param>
            <returns>true if there are entries to that index.</returns>
        </member>
        <member name="M:WindwardODataDrivers.net.windward.odata.ODataUtilitiesBase.ReadListResult.GetUri(System.Int32)">
            <summary>
                The Uri for this entry.
            </summary>
            <param name="index">The index of the Entry.</param>
            <returns>The entries read uri.</returns>
        </member>
        <member name="M:WindwardODataDrivers.net.windward.odata.ODataUtilitiesBase.ReadListResult.GetRootUri(System.Int32)">
            <summary>
                The root Uri for this entry.
            </summary>
            <param name="index">The index of the Entry.</param>
            <returns>The entries root read uri.</returns>
        </member>
        <member name="M:WindwardODataDrivers.net.windward.odata.ODataUtilitiesBase.ReadListResult.ReadIfNeeded(System.Int32)">
            <summary>
                Read the next block(s) if needed to get to the passed in index.
            </summary>
        </member>
        <member name="M:WindwardODataDrivers.net.windward.odata.ODataUtilitiesBase.ReadListResult.ReadNextBlock">
            <summary>
                Read the next block.
            </summary>
        </member>
        <member name="M:WindwardODataDrivers.net.windward.odata.ODataUtilitiesBase.ReadListResult.Close">
            <summary>
                Done with this object. Will discard all remaining entries.
            </summary>
        </member>
        <member name="M:WindwardODataDrivers.net.windward.odata.ODataUtilitiesBase.ReadList(WindwardReportsDrivers.net.windward.AccessProviders.BaseFullAccessProvider.ConnectionFull,System.String,System.Object,System.Object)">
            <summary>
            </summary>
            <param name="responseMessage"></param>
            <param name="model"></param>
            <returns></returns>
            <summary>
                Read a list of results. The results may be paged and that will be handled by the returned object.
            </summary>
            <param name="connection">The connection we query.</param>
            <param name="uri">The full uri to read the results.</param>
            <param name="model">The model for this datasource.</param>
            <param name="oDataVersion">The OData version for this datasource.</param>
            <returns>The requested list. This list has the nextUri info.</returns>
        </member>
        <member name="M:WindwardODataDrivers.net.windward.odata.ODataUtilitiesBase.ReadEntryList(WindwardReportsDrivers.net.windward.AccessProviders.BaseFullAccessProvider.ConnectionFull,System.String,System.Object,System.Object)">
            <summary>
                Read a list of results. The results may be paged and the EntryList will have the NextUris.
            </summary>
            <param name="connection">The connection we query.</param>
            <param name="uri">The full uri to read the results.</param>
            <param name="model">The model for this datasource.</param>
            <param name="oDataVersion">The OData version for this datasource.</param>
            <returns>The requested entry list.</returns>
        </member>
        <member name="M:WindwardODataDrivers.net.windward.odata.ODataUtilitiesBase.ReadValue(WindwardReportsDrivers.net.windward.AccessProviders.BaseFullAccessProvider.ConnectionFull,System.String,System.Object,System.Object,System.Boolean)">
            <summary>
                Read a a single entry.
            </summary>
            <param name="connection">The connection we query.</param>
            <param name="uri">The full uri to read the results.</param>
            <param name="model">The model for this datasource.</param>
            <param name="oDataVersion">The OData version for this datasource.</param>
            <param name="forceToBinaryOutput">
                If the service does not specify a return type (Edm.Whatever) then this decides if we
                default to Edm.Binary
            </param>
            <returns>The requested entry.</returns>
        </member>
        <member name="M:WindwardODataDrivers.net.windward.odata.ODataUtilitiesBase.ReadValue(WindwardReportsDrivers.net.windward.AccessProviders.BaseFullAccessProvider.ConnectionFull,System.String,System.Object,System.Object)">
            <summary>
                Read a a single entry.
            </summary>
            <param name="connection">The connection we query.</param>
            <param name="uri">The full uri to read the results.</param>
            <param name="model">The model for this datasource.</param>
            <param name="oDataVersion">The OData version for this datasource.</param>
            <returns>The requested entry.</returns>
        </member>
        <member name="T:WindwardODataDrivers.net.windward.odata.ODataUtilitiesBase.EntryList">
            <summary>
                The collection of entries returned by a select. If these results are paged, this contains the uri for the
                next page for this specific entry list's next page of results.
            </summary>
        </member>
        <member name="M:WindwardODataDrivers.net.windward.odata.ODataUtilitiesBase.EntryList.#ctor(System.String)">
            <summary>
                Initializes a new instance of the <see cref="T:System.Object" /> class.
            </summary>
        </member>
        <member name="P:WindwardODataDrivers.net.windward.odata.ODataUtilitiesBase.EntryList.Name">
            <summary>
                The name for this collection. This is the final filename in the uri for this collection (ie "thielen" for
                "http//windward.svc/david/nicholas/thielen").
            </summary>
        </member>
        <member name="P:WindwardODataDrivers.net.windward.odata.ODataUtilitiesBase.EntryList.Entries">
            <summary>
                The entries in this list.
            </summary>
        </member>
        <member name="P:WindwardODataDrivers.net.windward.odata.ODataUtilitiesBase.EntryList.NextUri">
            <summary>
                The uri to get the next page of results (entries).
            </summary>
        </member>
        <member name="M:WindwardODataDrivers.net.windward.odata.ODataUtilitiesBase.EntryList.Close">
            <summary>
                All done, release all memory.
            </summary>
        </member>
        <member name="M:WindwardODataDrivers.net.windward.odata.ODataUtilitiesBase.EntryList.AssignEntriesAndNext(WindwardODataDrivers.net.windward.odata.ODataUtilitiesBase.EntryList)">
            <summary>
                Copy assignment. Performs a shallow copy.
            </summary>
            <param name="src">Copy from this list.</param>
        </member>
        <member name="T:WindwardODataDrivers.net.windward.odata.ODataUtilitiesBase.ResultEntry">
            <summary>
                A single entry. This is composed of the property values containing the entry properties. And if this
                is built with a $expand, the list of Feeds is the list of entries joined to this entry.
            </summary>
        </member>
        <member name="M:WindwardODataDrivers.net.windward.odata.ODataUtilitiesBase.ResultEntry.#ctor(System.String)">
            <summary>
                Initializes a new instance of the class.
            </summary>
            <param name="uriEntry">The uri to read this entry.</param>
        </member>
        <member name="M:WindwardODataDrivers.net.windward.odata.ODataUtilitiesBase.ResultEntry.#ctor(System.String,System.String)">
            <summary>
                Initializes a new instance of the class.
            </summary>
            <param name="rootUriEntry">The uri of the root node for this entry.</param>
            <param name="uriEntry">The uri to read this entry.</param>
        </member>
        <member name="P:WindwardODataDrivers.net.windward.odata.ODataUtilitiesBase.ResultEntry.Properties">
            <summary>
                The properties for this entry.
            </summary>
        </member>
        <member name="P:WindwardODataDrivers.net.windward.odata.ODataUtilitiesBase.ResultEntry.UriEntry">
            <summary>
                The uri to read this entry.
            </summary>
        </member>
        <member name="P:WindwardODataDrivers.net.windward.odata.ODataUtilitiesBase.ResultEntry.RootUriEntry">
            <summary>
                The uri of the root node for this entry. When results are flattened, this will have the uri for the base or
                root of the entries that were pulled in. If no flattening occurs, this will match UriEntry.
            </summary>
        </member>
        <member name="P:WindwardODataDrivers.net.windward.odata.ODataUtilitiesBase.ResultEntry.Feeds">
            <summary>
                When a $expand is used, the entry will have 1 or more feeds which contain entries. Will create the
                list on a get if it was null.
            </summary>
        </member>
        <member name="P:WindwardODataDrivers.net.windward.odata.ODataUtilitiesBase.ResultEntry.HaveFeeds">
            <summary>
                true if have feeds.
            </summary>
        </member>
        <member name="M:WindwardODataDrivers.net.windward.odata.ODataUtilitiesBase.ResultEntry.AddFeed(WindwardODataDrivers.net.windward.odata.ODataUtilitiesBase.EntryList)">
            <summary>
                Add to the feed. Will create the feed list if null (so this must be called to add the first one).
            </summary>
            <param name="entry"></param>
        </member>
        <member name="T:WindwardODataDrivers.net.windward.odata.ODataUtilitiesBase.ResultComplexValue">
            <summary>
                A complex value (list of properties) in an entry.
            </summary>
        </member>
        <member name="M:WindwardODataDrivers.net.windward.odata.ODataUtilitiesBase.ResultComplexValue.#ctor(System.String,System.Collections.Generic.IList{WindwardODataDrivers.net.windward.odata.ODataUtilitiesBase.ResultProperty})">
            <summary>
                Creates the object.
            </summary>
            <param name="name">The name of the property.</param>
            <param name="properties">The list of properties.</param>
        </member>
        <member name="P:WindwardODataDrivers.net.windward.odata.ODataUtilitiesBase.ResultComplexValue.Properties">
            The list of properties for this property.
            ///
        </member>
        <member name="M:WindwardODataDrivers.net.windward.odata.ODataUtilitiesBase.ResultComplexValue.ToString">
            <summary>
                Returns a <see cref="T:System.String" /> that represents the current <see cref="T:System.Object" />.
            </summary>
            <returns>
                A <see cref="T:System.String" /> that represents the current <see cref="T:System.Object" />.
            </returns>
        </member>
        <member name="T:WindwardODataDrivers.net.windward.odata.ODataUtilitiesBase.ResultCollectionValue">
            <summary>
                A collection of values in an entry.
            </summary>
        </member>
        <member name="M:WindwardODataDrivers.net.windward.odata.ODataUtilitiesBase.ResultCollectionValue.#ctor(System.String,System.Collections.Generic.IList{System.Object})">
            <summary>
                Creates the object.
            </summary>
            <param name="name">The name of the property.</param>
            <param name="value">The value of the property.</param>
        </member>
        <member name="P:WindwardODataDrivers.net.windward.odata.ODataUtilitiesBase.ResultCollectionValue.Values">
            <summary>
                The list of values for this property.
            </summary>
        </member>
        <member name="M:WindwardODataDrivers.net.windward.odata.ODataUtilitiesBase.GetAsComplexValue(System.Object)">
            <summary>
                Saftey cast to ODataComplexValue then return
            </summary>
            <param name="rt"></param>
            <returns></returns>
        </member>
        <member name="T:WindwardODataDrivers.net.windward.odata.ODataUtilitiesBase.ResultProperty">
            <summary>
                A single property in an entry.
            </summary>
        </member>
        <member name="M:WindwardODataDrivers.net.windward.odata.ODataUtilitiesBase.ResultProperty.#ctor(System.String,System.Object)">
            <summary>
                Creates the object.
            </summary>
            <param name="name">The name of the property.</param>
            <param name="value">The value of the property.</param>
        </member>
        <member name="P:WindwardODataDrivers.net.windward.odata.ODataUtilitiesBase.ResultProperty.Name">
            <summary>
                The name of the property.
            </summary>
        </member>
        <member name="P:WindwardODataDrivers.net.windward.odata.ODataUtilitiesBase.ResultProperty.Value">
            <summary>
                The value of the property.
            </summary>
        </member>
        <member name="P:WindwardODataDrivers.net.windward.odata.ODataUtilitiesBase.ResultProperty.FlatValue">
            <summary>
                The value of the property.
            </summary>
        </member>
        <member name="M:WindwardODataDrivers.net.windward.odata.ODataUtilitiesBase.ResultProperty.ToString">
            <summary>
                Returns a <see cref="T:System.String" /> that represents the current <see cref="T:System.Object" />.
            </summary>
            <returns>
                A <see cref="T:System.String" /> that represents the current <see cref="T:System.Object" />.
            </returns>
        </member>
        <member name="T:WindwardODataDrivers.net.windward.odata.version123.HTTPClientResponseMessageV123">
            <summary>
                A response from the OData server. This is borrowed from the OData samples.
            </summary>
        </member>
        <member name="M:WindwardODataDrivers.net.windward.odata.version123.HTTPClientResponseMessageV123.#ctor(System.Net.HttpWebResponse)">
            <summary>
                Create the response object.
            </summary>
        </member>
        <member name="P:WindwardODataDrivers.net.windward.odata.version123.HTTPClientResponseMessageV123.StatusDescription">
            <summary>
                Get the response description. Set is not supported.
            </summary>
        </member>
        <member name="M:WindwardODataDrivers.net.windward.odata.version123.HTTPClientResponseMessageV123.Dispose">
            <summary>Performs application-defined tasks associated with freeing, releasing, or resetting unmanaged resources.</summary>
        </member>
        <member name="M:WindwardODataDrivers.net.windward.odata.version123.HTTPClientResponseMessageV123.GetHeader(System.String)">
            <summary>
                Get the response headers.
            </summary>
        </member>
        <member name="P:WindwardODataDrivers.net.windward.odata.version123.HTTPClientResponseMessageV123.Headers">
            <summary>
                Get all response headers.
            </summary>
        </member>
        <member name="M:WindwardODataDrivers.net.windward.odata.version123.HTTPClientResponseMessageV123.SetHeader(System.String,System.String)">
            <summary>
                Set the response headers.
            </summary>
        </member>
        <member name="P:WindwardODataDrivers.net.windward.odata.version123.HTTPClientResponseMessageV123.StatusCode">
            <summary>
                Get the response status code. Set is not supported.
            </summary>
        </member>
        <member name="M:WindwardODataDrivers.net.windward.odata.version123.HTTPClientResponseMessageV123.GetStream">
            <summary>
                Get the response stream.
            </summary>
        </member>
        <member name="T:WindwardODataDrivers.net.windward.odata.version123.ODataDataSourceV123">
            <summary>
                Datasource connection to an OData datasource.
            </summary>
        </member>
        <member name="F:WindwardODataDrivers.net.windward.odata.version123.ODataDataSourceV123.DEFAULT_VERSION">
            <summary>
                The default OData version if not specified. This is also specified in OdataDataSourceImpl.cs!
            </summary>
        </member>
        <member name="M:WindwardODataDrivers.net.windward.odata.version123.ODataDataSourceV123.#ctor(System.String)">
            <summary>
                Create an OData datasource using a connection string.
            </summary>
            <param name="connectionString">The connection string for this object.</param>
        </member>
        <member name="P:WindwardODataDrivers.net.windward.odata.version123.ODataDataSourceV123.Version">
            <summary>
            The OData version for this datasource. Returns 1, 2, or 3.
            </summary>
        </member>
        <member name="M:WindwardODataDrivers.net.windward.odata.version123.ODataDataSourceV123.CreateUtilsInstance">
            <summary>
            Creates an ODataUtilities object that matchs this objects OData version.
            </summary>
            <returns>an ODataUtilities object.</returns>
        </member>
        <member name="P:WindwardODataDrivers.net.windward.odata.version123.ODataDataSourceV123.ODataVersion">
            <summary>
                The OData version for this datasource.
            </summary>
        </member>
        <!-- Badly formed XML comment ignored for member "P:WindwardODataDrivers.net.windward.odata.version123.ODataDataSourceV123.Model" -->
        <member name="M:WindwardODataDrivers.net.windward.odata.version123.ODataDataSourceV123.ReadList(WindwardReportsDrivers.net.windward.AccessProviders.BaseFullAccessProvider.ConnectionFull,System.String)">
            <summary>
            Read a list from the datasource.
            </summary>
            <param name="connection">Connection to the datasource.</param>
            <param name="query">The query (select).</param>
            <returns>The result list.</returns>
        </member>
        <member name="M:WindwardODataDrivers.net.windward.odata.version123.ODataDataSourceV123.BuildUri(System.String,System.String,System.Collections.Generic.List{System.Object})">
            <summary>
            Build a uri to query the datasource
            </summary>
            <param name="rootUri">The root uri</param>
            <param name="selectUri">The select part of the uri</param>
            <param name="parameters">Parameters to substitute into the selectUri.</param>
            <returns>The uri to send to the datasource.</returns>
        </member>
        <member name="M:WindwardODataDrivers.net.windward.odata.version123.ODataDataSourceV123.ODataNode.#ctor(WindwardODataDrivers.net.windward.odata.version123.ODataDataSourceV123,net.windward.datasource.abstract_datasource.IDataSourceResultRow)">
            <summary>
                Initializes a new instance of the <see cref="T:System.Object" /> class.
            </summary>
        </member>
        <member name="M:WindwardODataDrivers.net.windward.odata.version123.ODataDataSourceV123.ODataNode.makeDataSourceIterator(net.windward.tags.ForEachTag,net.windward.datasource.DataSourceNode[],net.windward.datasource.abstract_datasource.IDataSourceResultSet)">
            <summary>
                Create a DataSourceIterator for a given DataSourceResultSet. This is implemented in the class that subclasses
                the AbstractDataSource to use the DataSourceIterator derived class for its class.
            </summary>
            <param name="tag">The forEach tag that creates the iteration.</param>
            <param name="stack">The stack of tags it is inside.</param>
            <param name="data">The data to be iterated over</param>
            <returns>The iterator object.</returns>
        </member>
        <member name="T:WindwardODataDrivers.net.windward.odata.version123.ODataDataSourceV123.ODataNode.ODataIterator">
            <summary>
                The DataSourceIterator implementation for this datasource provider.
            </summary>
        </member>
        <member name="M:WindwardODataDrivers.net.windward.odata.version123.ODataDataSourceV123.ODataNode.ODataIterator.#ctor(net.windward.tags.ForEachTag,net.windward.datasource.DataSourceNode[],WindwardReportsDrivers.net.windward.datasource.abstract_datasource.IDataSourceDotNetResultSet,WindwardODataDrivers.net.windward.odata.ODataDataSourceBase)">
            <summary>
                Create the iterator object.
            </summary>
            <param name="parent">The parent node iterating on.</param>
            <param name="tag">The tag requestiong the iteration.</param>
            <param name="stack">The node stack at the tag location.</param>
        </member>
        <member name="M:WindwardODataDrivers.net.windward.odata.version123.ODataDataSourceV123.ODataNode.ODataIterator.next">
            <summary>
                Returns the next node in the iteration. This will always return an object of type ODataNode.
                This advances the current entry to the next (N next if step > 1).
            </summary>
            <returns>the next element in the iteration.</returns>
        </member>
        <member name="T:WindwardODataDrivers.net.windward.odata.version123.ODataUtilitiesV123">
            <summary>
                Classes to access the OData server.
            </summary>
        </member>
        <member name="M:WindwardODataDrivers.net.windward.odata.version123.ODataUtilitiesV123.#ctor">
            <summary>
                Create an OData Utilities Object
            </summary>
        </member>
        <member name="M:WindwardODataDrivers.net.windward.odata.version123.ODataUtilitiesV123.Convert(System.Object)">
            <summary>
                Perform a ToString() on a complex value.
            </summary>
            <param name="complexValue">ComplexValue to convert.</param>
            <returns>The string representation of a complex value.</returns>
        </member>
        <member name="M:WindwardODataDrivers.net.windward.odata.version123.ODataUtilitiesV123.Convert(System.Object,System.Object)">
            <summary>
                Converts to the type passed in, if possible. If not possible, returns the passed in value.
            </summary>
            <param name="typeObj">The type to convert to.</param>
            <param name="var">The value to convert.</param>
            <returns>The converted value.</returns>
        </member>
        <member name="M:WindwardODataDrivers.net.windward.odata.version123.ODataUtilitiesV123.BuildUri(System.String,System.String,System.Collections.Generic.List{System.Object},System.Object,System.Object)">
            <summary>
                Create a uri with parameters.
            </summary>
            <param name="rootUri">The root uri to the OData service.</param>
            <param name="selectUri">The select component of the uri.</param>
            <param name="parameters">The parameters for any ${vars} in the uri.</param>
            <param name="model">The model for this datasource.</param>
            <param name="version">The OData version for this datasource.</param>
            <returns>The uri with parameters substituted in.</returns>
        </member>
        <member name="M:WindwardODataDrivers.net.windward.odata.version123.ODataUtilitiesV123.FormatUriServiceOps(Microsoft.Data.Edm.IEdmModel,System.String)">
            <summary>
                This will try its darndest to format service operation parameters correctly. Just returns the uri if it can't.
            </summary>
            <param name="uri"></param>
            <returns>A string which is formatted correctly based on the metadata for the service operation in the uri</returns>
        </member>
        <member name="T:WindwardODataDrivers.net.windward.odata.version123.ODataUtilitiesV123.ReadListResult">
            <summary>
                When reading a list of results, returns this class. This class holds a block of results that are read through. When
                moving through the list, previous entries are dropped. Reading does not cause a move and you can read ahead.
            </summary>
        </member>
        <member name="M:WindwardODataDrivers.net.windward.odata.version123.ODataUtilitiesV123.ReadListResult.#ctor(WindwardReportsDrivers.net.windward.AccessProviders.BaseFullAccessProvider.ConnectionFull,Microsoft.Data.Edm.IEdmModel,Microsoft.Data.OData.ODataVersion,WindwardODataDrivers.net.windward.odata.ODataUtilitiesBase.EntryList,WindwardODataDrivers.net.windward.odata.version123.ODataUtilitiesV123)">
            <summary>
                Initializes a new instance of the class.
            </summary>
            <param name="connection">The connection to this datasource.</param>
            <param name="model">The model for this datasource.</param>
            <param name="version">The OData version for this datasource.</param>
            <param name="rootEntries">The list of entries returned from the query.</param>
        </member>
        <member name="M:WindwardODataDrivers.net.windward.odata.version123.ODataUtilitiesV123.ReadListResult.ReadNextBlock">
            <summary>
                Read the next block.
            </summary>
        </member>
        <member name="M:WindwardODataDrivers.net.windward.odata.version123.ODataUtilitiesV123.CreateMessageReader(Microsoft.Data.OData.IODataResponseMessage,Microsoft.Data.Edm.IEdmModel)">
            <summary>
                This is used to read a value from the service.
            </summary>
            <param name="uri"></param>
            <param name="credentials"></param>
            <param name="protocol"></param>
            <param name="model"></param>
            <param name="version"></param>
            <returns>
                The ODataMessageReader is what will be used 99% of the time. The IODataResponseMessage is only used when
                getting a binary value from the service
            </returns>
            <summary>
            </summary>
            <param name="responseMessage"></param>
            <param name="model"></param>
            <returns></returns>
        </member>
        <member name="M:WindwardODataDrivers.net.windward.odata.version123.ODataUtilitiesV123.ReadList(WindwardReportsDrivers.net.windward.AccessProviders.BaseFullAccessProvider.ConnectionFull,System.String,System.Object,System.Object)">
            <summary>
                Read a list of results. The results may be paged and that will be handled by the returned object.
            </summary>
            <param name="connection">The connection we query.</param>
            <param name="uri">The full uri to read the results.</param>
            <param name="model">The model for this datasource.</param>
            <param name="oDataVersion">The OData version for this datasource.</param>
            <returns>The requested list. This list has the nextUri info.</returns>
        </member>
        <member name="M:WindwardODataDrivers.net.windward.odata.version123.ODataUtilitiesV123.ReadEntryList(WindwardReportsDrivers.net.windward.AccessProviders.BaseFullAccessProvider.ConnectionFull,System.String,System.Object,System.Object)">
            <summary>
                Read a list of results. The results may be paged and the EntryList will have the NextUris.
            </summary>
            <param name="connection">The connection we query.</param>
            <param name="uri">The full uri to read the results.</param>
            <param name="modelObj">The model for this datasource.</param>
            <param name="oDataVersionObj">The OData version for this datasource.</param>
            <returns>The requested entry list.</returns>
        </member>
        <member name="M:WindwardODataDrivers.net.windward.odata.version123.ODataUtilitiesV123.ReadValue(WindwardReportsDrivers.net.windward.AccessProviders.BaseFullAccessProvider.ConnectionFull,System.String,System.Object,System.Object,System.Boolean)">
            <summary>
                Read a a single entry.
            </summary>
            <param name="connection">The connection we query.</param>
            <param name="uri">The full uri to read the results.</param>
            <param name="modelObj">The model for this datasource.</param>
            <param name="oDataVersionObj">The OData version for this datasource.</param>
            <param name="forceToBinaryOutput">
                If the service does not specify a return type (Edm.Whatever) then this decides if we
                default to Edm.Binary
            </param>
            <returns>The requested entry.</returns>
        </member>
        <member name="M:WindwardODataDrivers.net.windward.odata.version123.ODataUtilitiesV123.KindsHas(System.Collections.Generic.IEnumerable{Microsoft.Data.OData.ODataPayloadKindDetectionResult},Microsoft.Data.OData.ODataPayloadKind)">
            <summary>
                Return if the results have a specific kind.
            </summary>
        </member>
        <member name="M:WindwardODataDrivers.net.windward.odata.version123.ODataUtilitiesV123.CacheProperties(System.Collections.Generic.IEnumerable{Microsoft.Data.OData.ODataProperty})">
            <summary>
                Cache the properties in an entry.
            </summary>
        </member>
        <member name="T:WindwardODataDrivers.net.windward.odata.version4.HTTPClientResponseMessageV4">
            <summary>
                A response from the OData server. This is borrowed from the OData samples.
            </summary>
        </member>
        <member name="M:WindwardODataDrivers.net.windward.odata.version4.HTTPClientResponseMessageV4.#ctor(System.Net.HttpWebResponse)">
            <summary>
                Create the response object.
            </summary>
        </member>
        <member name="P:WindwardODataDrivers.net.windward.odata.version4.HTTPClientResponseMessageV4.StatusDescription">
            <summary>
                Get the response description. Set is not supported.
            </summary>
        </member>
        <member name="M:WindwardODataDrivers.net.windward.odata.version4.HTTPClientResponseMessageV4.Dispose">
            <summary>Performs application-defined tasks associated with freeing, releasing, or resetting unmanaged resources.</summary>
        </member>
        <member name="M:WindwardODataDrivers.net.windward.odata.version4.HTTPClientResponseMessageV4.GetHeader(System.String)">
            <summary>
                Get the response headers.
            </summary>
        </member>
        <member name="P:WindwardODataDrivers.net.windward.odata.version4.HTTPClientResponseMessageV4.Headers">
            <summary>
                Get all response headers.
            </summary>
        </member>
        <member name="M:WindwardODataDrivers.net.windward.odata.version4.HTTPClientResponseMessageV4.SetHeader(System.String,System.String)">
            <summary>
                Set the response headers.
            </summary>
        </member>
        <member name="P:WindwardODataDrivers.net.windward.odata.version4.HTTPClientResponseMessageV4.StatusCode">
            <summary>
                Get the response status code. Set is not supported.
            </summary>
        </member>
        <member name="M:WindwardODataDrivers.net.windward.odata.version4.HTTPClientResponseMessageV4.GetStream">
            <summary>
                Get the response stream.
            </summary>
        </member>
        <member name="T:WindwardODataDrivers.net.windward.odata.version4.ODataDataSourceV4">
            <summary>
                Datasource connection to an OData datasource.
            </summary>
        </member>
        <member name="T:WindwardODataDrivers.net.windward.odata.version4.ODataDataSourceV4.ODataNode.ODataIterator">
            <summary>
                The DataSourceIterator implementation for this datasource provider.
            </summary>
        </member>
        <member name="M:WindwardODataDrivers.net.windward.odata.version4.ODataDataSourceV4.ODataNode.ODataIterator.#ctor(net.windward.tags.ForEachTag,net.windward.datasource.DataSourceNode[],WindwardReportsDrivers.net.windward.datasource.abstract_datasource.IDataSourceDotNetResultSet,WindwardODataDrivers.net.windward.odata.ODataDataSourceBase)">
            <summary>
                Create the iterator object.
            </summary>
            <param name="parent">The parent node iterating on.</param>
            <param name="tag">The tag requestiong the iteration.</param>
            <param name="stack">The node stack at the tag location.</param>
        </member>
        <member name="M:WindwardODataDrivers.net.windward.odata.version4.ODataDataSourceV4.ODataNode.ODataIterator.next">
            <summary>
                Returns the next node in the iteration. This will always return an object of type ODataNode.
                This advances the current entry to the next (N next if step > 1).
            </summary>
            <returns>the next element in the iteration.</returns>
        </member>
        <member name="M:WindwardODataDrivers.net.windward.odata.version4.ODataDataSourceV4.ODataNode.#ctor(WindwardODataDrivers.net.windward.odata.version4.ODataDataSourceV4,net.windward.datasource.abstract_datasource.IDataSourceResultRow)">
            <summary>
                Initializes a new instance of the <see cref="T:System.Object" /> class.
            </summary>
        </member>
        <member name="M:WindwardODataDrivers.net.windward.odata.version4.ODataDataSourceV4.ODataNode.makeDataSourceIterator(net.windward.tags.ForEachTag,net.windward.datasource.DataSourceNode[],net.windward.datasource.abstract_datasource.IDataSourceResultSet)">
            <summary>
                Create a DataSourceIterator for a given DataSourceResultSet. This is implemented in the class that subclasses
                the AbstractDataSource to use the DataSourceIterator derived class for its class.
            </summary>
            <param name="tag">The forEach tag that creates the iteration.</param>
            <param name="stack">The stack of tags it is inside.</param>
            <param name="data">The data to be iterated over</param>
            <returns>The iterator object.</returns>
        </member>
        <member name="M:WindwardODataDrivers.net.windward.odata.version4.ODataDataSourceV4.#ctor(System.String)">
            <summary>
                Create an OData datasource using a connection string.
            </summary>
            <param name="connectionString">The connection string for this object.</param>
        </member>
        <member name="P:WindwardODataDrivers.net.windward.odata.version4.ODataDataSourceV4.Version">
            <summary>
            The OData version for this datasource. Returns 4.
            </summary>
        </member>
        <member name="M:WindwardODataDrivers.net.windward.odata.version4.ODataDataSourceV4.CreateUtilsInstance">
            <summary>
            Creates an ODataUtilities object that matchs this objects OData version.
            </summary>
            <returns>an ODataUtilities object.</returns>
        </member>
        <member name="M:WindwardODataDrivers.net.windward.odata.version4.ODataDataSourceV4.ReadList(WindwardReportsDrivers.net.windward.AccessProviders.BaseFullAccessProvider.ConnectionFull,System.String)">
            <summary>
            Read a list from the datasource.
            </summary>
            <param name="connection">Connection to the datasource.</param>
            <param name="query">The query (select).</param>
            <returns>The result list.</returns>
        </member>
        <member name="M:WindwardODataDrivers.net.windward.odata.version4.ODataDataSourceV4.BuildUri(System.String,System.String,System.Collections.Generic.List{System.Object})">
            <summary>
            Build a uri to query the datasource
            </summary>
            <param name="rootUri">The root uri</param>
            <param name="selectUri">The select part of the uri</param>
            <param name="parameters">Parameters to substitute into the selectUri.</param>
            <returns>The uri to send to the datasource.</returns>
        </member>
        <member name="P:WindwardODataDrivers.net.windward.odata.version4.ODataDataSourceV4.ODataVersion">
            <summary>
                The OData version for this datasource.
            </summary>
        </member>
        <member name="P:WindwardODataDrivers.net.windward.odata.version4.ODataDataSourceV4.Model">
            <summary>
                The EDM model for this datasource.
            </summary>
        </member>
        <member name="T:WindwardODataDrivers.net.windward.odata.version4.ODataUtilitiesV4">
            <summary>
                Classes to access the OData server.
            </summary>
        </member>
        <member name="M:WindwardODataDrivers.net.windward.odata.version4.ODataUtilitiesV4.Convert(System.Object)">
            <summary>
                Perform a ToString() on a complex value.
            </summary>
            <param name="complexValue">ComplexValue to convert.</param>
            <returns>The string representation of a complex value.</returns>
        </member>
        <member name="M:WindwardODataDrivers.net.windward.odata.version4.ODataUtilitiesV4.Convert(System.Object,System.Object)">
            <summary>
                Converts to the type passed in, if possible. If not possible, returns the passed in value.
            </summary>
            <param name="type">The type to convert to.</param>
            <param name="var">The value to convert.</param>
            <returns>The converted value.</returns>
        </member>
        <member name="M:WindwardODataDrivers.net.windward.odata.version4.ODataUtilitiesV4.BuildUri(System.String,System.String,System.Collections.Generic.List{System.Object},System.Object,System.Object)">
            <summary>
                Create a uri with parameters.
            </summary>
            <param name="rootUri">The root uri to the OData service.</param>
            <param name="selectUri">The select component of the uri.</param>
            <param name="parameters">The parameters for any ${vars} in the uri.</param>
            <param name="model">The model for this datasource.</param>
            <param name="version">The OData version for this datasource.</param>
            <returns>The uri with parameters substituted in.</returns>
        </member>
        <member name="M:WindwardODataDrivers.net.windward.odata.version4.ODataUtilitiesV4.FormatUriServiceOps(Microsoft.OData.Edm.IEdmModel,System.String)">
            <summary>
                This will try its darndest to format service operation parameters correctly. Just returns the uri if it can't.
            </summary>
            <param name="uri"></param>
            <returns>A string which is formatted correctly based on the metadata for the service operation in the uri</returns>
        </member>
        <member name="T:WindwardODataDrivers.net.windward.odata.version4.ODataUtilitiesV4.ReadListResult">
            <summary>
                When reading a list of results, returns this class. This class holds a block of results that are read through. When
                moving through the list, previous entries are dropped. Reading does not cause a move and you can read ahead.
            </summary>
        </member>
        <member name="M:WindwardODataDrivers.net.windward.odata.version4.ODataUtilitiesV4.ReadListResult.#ctor(WindwardReportsDrivers.net.windward.AccessProviders.BaseFullAccessProvider.ConnectionFull,Microsoft.OData.Edm.IEdmModel,Microsoft.OData.ODataVersion,WindwardODataDrivers.net.windward.odata.ODataUtilitiesBase.EntryList,WindwardODataDrivers.net.windward.odata.version4.ODataUtilitiesV4)">
            <summary>
                Initializes a new instance of the class.
            </summary>
            <param name="connection">The connection to this datasource.</param>
            <param name="model">The model for this datasource.</param>
            <param name="version">The OData version for this datasource.</param>
            <param name="rootEntries">The list of entries returned from the query.</param>
        </member>
        <member name="M:WindwardODataDrivers.net.windward.odata.version4.ODataUtilitiesV4.ReadListResult.ReadNextBlock">
            <summary>
                Read the next block.
            </summary>
        </member>
        <member name="M:WindwardODataDrivers.net.windward.odata.version4.ODataUtilitiesV4.CreateMessageReader(Microsoft.OData.IODataResponseMessage,Microsoft.OData.Edm.IEdmModel)">
            <summary>
            </summary>
            <param name="responseMessage"></param>
            <param name="model"></param>
            <returns></returns>
        </member>
        <member name="M:WindwardODataDrivers.net.windward.odata.version4.ODataUtilitiesV4.ReadList(WindwardReportsDrivers.net.windward.AccessProviders.BaseFullAccessProvider.ConnectionFull,System.String,System.Object,System.Object)">
            <summary>
                Read a list of results. The results may be paged and that will be handled by the returned object.
            </summary>
            <param name="connection">The connection we query.</param>
            <param name="uri">The full uri to read the results.</param>
            <param name="model">The model for this datasource.</param>
            <param name="oDataVersion">The OData version for this datasource.</param>
            <returns>The requested list. This list has the nextUri info.</returns>
        </member>
        <member name="M:WindwardODataDrivers.net.windward.odata.version4.ODataUtilitiesV4.ReadEntryList(WindwardReportsDrivers.net.windward.AccessProviders.BaseFullAccessProvider.ConnectionFull,System.String,System.Object,System.Object)">
            <summary>
                Read a list of results. The results may be paged and the EntryList will have the NextUris.
            </summary>
            <param name="connection">The connection we query.</param>
            <param name="uri">The full uri to read the results.</param>
            <param name="modelObj">The model for this datasource.</param>
            <param name="oDataVersionObj">The OData version for this datasource.</param>
            <returns>The requested entry list.</returns>
        </member>
        <member name="M:WindwardODataDrivers.net.windward.odata.version4.ODataUtilitiesV4.ReadValue(WindwardReportsDrivers.net.windward.AccessProviders.BaseFullAccessProvider.ConnectionFull,System.String,System.Object,System.Object,System.Boolean)">
            <summary>
                Read a a single entry.
            </summary>
            <param name="connection">The connection we query.</param>
            <param name="uri">The full uri to read the results.</param>
            <param name="modelObj">The model for this datasource.</param>
            <param name="oDataVersionObj">The OData version for this datasource.</param>
            <param name="forceToBinaryOutput">
                If the service does not specify a return type (Edm.Whatever) then this decides if we
                default to Edm.Binary
            </param>
            <returns>The requested entry.</returns>
        </member>
        <member name="M:WindwardODataDrivers.net.windward.odata.version4.ODataUtilitiesV4.KindsHas(System.Collections.Generic.IEnumerable{Microsoft.OData.ODataPayloadKindDetectionResult},Microsoft.OData.ODataPayloadKind)">
            <summary>
                Return if the results have a specific kind.
            </summary>
        </member>
        <member name="M:WindwardODataDrivers.net.windward.odata.version4.ODataUtilitiesV4.CacheProperties(System.Collections.Generic.IEnumerable{Microsoft.OData.ODataProperty})">
            <summary>
                Cache the properties in an entry.
            </summary>
        </member>
    </members>
</doc>
